FECHA (YYMMDD);HORA (HHMM);Registros validados;Registros preliminares;Registros no validados;
180101;0000;;;;
180102;0000;;;;
180103;0000;;;;
180104;0000;;;;
180105;0000;;;;
180106;0000;;;;
180107;0000;;;;
180108;0000;;;;
180109;0000;;;;
180110;0000;;;;
180111;0000;;;;
180112;0000;;;;
180113;0000;;;;
180114;0000;;;;
180115;0000;;;;
180116;0000;;;;
180117;0000;;;;
180118;0000;;;;
180119;0000;;;;
180120;0000;;;;
180121;0000;;;;
180122;0000;;;;
180123;0000;;;;
180124;0000;;;;
180125;0000;;;;
180126;0000;;;;
180127;0000;;;;
180128;0000;;;;
180129;0000;;;;
180130;0000;;;;
180131;0000;;;;
180201;0000;;;;
180202;0000;;;;
180203;0000;;;;
180204;0000;;;;
180205;0000;;;;
180206;0000;;;;
180207;0000;;;;
180208;0000;;;;
180209;0000;;;;
180210;0000;;;;
180211;0000;;;;
180212;0000;;;;
180213;0000;;;;
180214;0000;;;;
180215;0000;;;;
180216;0000;;;;
180217;0000;;;;
180218;0000;;;;
180219;0000;;;;
180220;0000;;;;
180221;0000;;;;
180222;0000;;;;
180223;0000;;;;
180224;0000;;;;
180225;0000;;;;
180226;0000;;;;
180227;0000;;;;
180228;0000;;;;
180301;0000;;;;
180302;0000;;;;
180303;0000;;;;
180304;0000;;;;
180305;0000;;;;
180306;0000;;;;
180307;0000;;;;
180308;0000;;;;
180309;0000;;;;
180310;0000;;;;
180311;0000;;;;
180312;0000;;;;
180313;0000;;;;
180314;0000;;;;
180315;0000;;;;
180316;0000;;;;
180317;0000;;;;
180318;0000;;;;
180319;0000;;;;
180320;0000;;;;
180321;0000;;;;
180322;0000;;;;
180323;0000;;;;
180324;0000;;;;
180325;0000;;;;
180326;0000;;;;
180327;0000;;;;
180328;0000;;;;
180329;0000;;;;
180330;0000;;;;
180331;0000;;;;
180401;0000;;;;
180402;0000;;;;
180403;0000;;;;
180404;0000;;;;
180405;0000;;;;
180406;0000;;;;
180407;0000;;;;
180408;0000;;;;
180409;0000;;;;
180410;0000;;;;
180411;0000;;;;
180412;0000;;;;
180413;0000;;;;
180414;0000;;;;
180415;0000;;;;
180416;0000;;;;
180417;0000;;;;
180418;0000;;;;
180419;0000;;;;
180420;0000;;;;
180421;0000;;;;
180422;0000;;;;
180423;0000;;;;
180424;0000;;;;
180425;0000;;;;
180426;0000;;;;
180427;0000;;;;
180428;0000;;;;
180429;0000;;;;
180430;0000;;;;
180501;0000;;;;
180502;0000;;;;
180503;0000;;;;
180504;0000;;;;
180505;0000;;;;
180506;0000;;;;
180507;0000;;;;
180508;0000;;;;
180509;0000;;;;
180510;0000;;;;
180511;0000;;;;
180512;0000;;;;
180513;0000;;;;
180514;0000;;;;
180515;0000;;;;
180516;0000;;;;
180517;0000;;;;
180518;0000;;;;
180519;0000;;;;
180520;0000;;;;
180521;0000;;;;
180522;0000;;;;
180523;0000;;;;
180524;0000;;;;
180525;0000;;;;
180526;0000;;;;
180527;0000;;;;
180528;0000;;;;
180529;0000;;;;
180530;0000;;;;
180531;0000;;;;
180601;0000;1,08;;;
180602;0000;1;;;
180603;0000;1;;;
180604;0000;1;;;
180605;0000;1;;;
180606;0000;1;;;
180607;0000;1,03;;;
180608;0000;1,02;;;
180609;0000;1,01;;;
180610;0000;1;;;
180611;0000;1,01;;;
180612;0000;1,08;;;
180613;0000;1;;;
180614;0000;1,15;;;
180615;0000;1,38;;;
180616;0000;1,02;;;
180617;0000;1,09;;;
180618;0000;1,08;;;
180619;0000;1;;;
180620;0000;1,02;;;
180621;0000;1;;;
180622;0000;1,01;;;
180623;0000;1;;;
180624;0000;1,01;;;
180625;0000;1,29;;;
180626;0000;1,03;;;
180627;0000;1;;;
180628;0000;1;;;
180629;0000;1;;;
180630;0000;1;;;
180701;0000;1;;;
180702;0000;1;;;
180703;0000;1;;;
180704;0000;1;;;
180705;0000;1;;;
180706;0000;1;;;
180707;0000;1,01;;;
180708;0000;1;;;
180709;0000;1,02;;;
180710;0000;1,01;;;
180711;0000;1,14;;;
180712;0000;1;;;
180713;0000;1,02;;;
180714;0000;1,01;;;
180715;0000;1,2;;;
180716;0000;1;;;
180717;0000;1;;;
180718;0000;1;;;
180719;0000;1;;;
180720;0000;1,17;;;
180721;0000;1,05;;;
180722;0000;1,15;;;
180723;0000;1,19;;;
180724;0000;1;;;
180725;0000;1;;;
180726;0000;1,02;;;
180727;0000;1,07;;;
180728;0000;1;;;
180729;0000;1,12;;;
180730;0000;1,34;;;
180731;0000;1,04;;;
180801;0000;1,2;;;
180802;0000;1,02;;;
180803;0000;1,15;;;
180804;0000;1,25;;;
180805;0000;1,11;;;
180806;0000;1,06;;;
180807;0000;1,1;;;
180808;0000;1,11;;;
180809;0000;1,07;;;
180810;0000;1,04;;;
180811;0000;1;;;
180812;0000;1,04;;;
180813;0000;1;;;
180814;0000;1,03;;;
180815;0000;1,46;;;
180816;0000;1,18;;;
180817;0000;1,08;;;
180818;0000;1,17;;;
180819;0000;1,02;;;
180820;0000;1,1;;;
180821;0000;1,17;;;
180822;0000;1,01;;;
180823;0000;1,25;;;
180824;0000;1,14;;;
180825;0000;1;;;
180826;0000;1,01;;;
180827;0000;1,11;;;
180828;0000;1,21;;;
180829;0000;1,05;;;
180830;0000;1,17;;;
180831;0000;1,2;;;
180901;0000;1,24;;;
180902;0000;1,01;;;
180903;0000;1,03;;;
180904;0000;1,04;;;
180905;0000;1;;;
180906;0000;1;;;
180907;0000;1,02;;;
180908;0000;1;;;
180909;0000;1;;;
180910;0000;1;;;
180911;0000;1,04;;;
180912;0000;1,02;;;
180913;0000;1;;;
180914;0000;1,01;;;
180915;0000;1;;;
180916;0000;1,03;;;
180917;0000;1;;;
180918;0000;1;;;
180919;0000;1;;;
180920;0000;1;;;
180921;0000;1;;;
180922;0000;1;;;
180923;0000;1;;;
180924;0000;1,03;;;
180925;0000;1;;;
180926;0000;1;;;
180927;0000;;;;
180928;0000;;;;
180929;0000;;;;
180930;0000;;;;
181001;0000;;;;
181002;0000;1;;;
181003;0000;1,02;;;
181004;0000;1;;;
181005;0000;1;;;
181006;0000;1;;;
181007;0000;1,01;;;
181008;0000;1,01;;;
181009;0000;1;;;
181010;0000;1;;;
181011;0000;1;;;
181012;0000;1;;;
181013;0000;1;;;
181014;0000;1;;;
181015;0000;1;;;
181016;0000;1;;;
181017;0000;1;;;
181018;0000;1;;;
181019;0000;1,01;;;
181020;0000;1;;;
181021;0000;1,01;;;
181022;0000;1,15;;;
181023;0000;1;;;
181024;0000;1;;;
181025;0000;1,01;;;
181026;0000;1;;;
181027;0000;1,01;;;
181028;0000;1,18;;;
181029;0000;1,18;;;
181030;0000;1,02;;;
181031;0000;1,02;;;
181101;0000;1,01;;;
181102;0000;1,03;;;
181103;0000;1,04;;;
181104;0000;1,1;;;
181105;0000;1,02;;;
181106;0000;1,03;;;
181107;0000;1;;;
181108;0000;1,01;;;
181109;0000;1,03;;;
181110;0000;1,12;;;
181111;0000;1,07;;;
181112;0000;1,06;;;
181113;0000;1,05;;;
181114;0000;1,01;;;
181115;0000;1,16;;;
181116;0000;1,03;;;
181117;0000;1,03;;;
181118;0000;1;;;
181119;0000;1,01;;;
181120;0000;1;;;
181121;0000;1,02;;;
181122;0000;1,11;;;
181123;0000;1,1;;;
181124;0000;1,14;;;
181125;0000;1,22;;;
181126;0000;1,14;;;
181127;0000;1,35;;;
181128;0000;1,1;;;
181129;0000;1,02;;;
181130;0000;1;;;
181201;0000;1;;;
181202;0000;1,2;;;
181203;0000;1;;;
181204;0000;1;;;
181205;0000;1,09;;;
181206;0000;1,26;;;
181207;0000;1,04;;;
181208;0000;1,03;;;
181209;0000;1,04;;;
181210;0000;1,04;;;
181211;0000;1,1;;;
181212;0000;1,19;;;
181213;0000;1,02;;;
181214;0000;1,01;;;
181215;0000;1;;;
181216;0000;1,01;;;
181217;0000;1,1;;;
181218;0000;1,01;;;
181219;0000;1;;;
181220;0000;1,02;;;
181221;0000;1,04;;;
181222;0000;1,02;;;
181223;0000;1,05;;;
181224;0000;1,01;;;
181225;0000;1,07;;;
181226;0000;1,01;;;
181227;0000;1,04;;;
181228;0000;1;;;
181229;0000;1,21;;;
181230;0000;1,03;;;
181231;0000;;1;;
190101;0000;1,03;;;
190102;0000;1,19;;;
190103;0000;1,04;;;
190104;0000;1,24;;;
190105;0000;1,08;;;
190106;0000;1,02;;;
190107;0000;1,1;;;
190108;0000;1,03;;;
190109;0000;1,03;;;
190110;0000;1;;;
190111;0000;1;;;
190112;0000;1;;;
190113;0000;1;;;
190114;0000;1;;;
190115;0000;1;;;
190116;0000;1;;;
190117;0000;1;;;
190118;0000;1;;;
190119;0000;1;;;
190120;0000;1;;;
190121;0000;1;;;
190122;0000;1,02;;;
190123;0000;1,04;;;
190124;0000;1;;;
190125;0000;1;;;
190126;0000;1;;;
190127;0000;1;;;
190128;0000;1;;;
190129;0000;1;;;
190130;0000;1;;;
190131;0000;1;;;
190201;0000;1;;;
190202;0000;1;;;
190203;0000;1;;;
190204;0000;1;;;
190205;0000;1;;;
190206;0000;1;;;
190207;0000;1;;;
190208;0000;1;;;
190209;0000;1;;;
190210;0000;1,02;;;
190211;0000;1;;;
190212;0000;1;;;
190213;0000;1;;;
190214;0000;1;;;
190215;0000;1;;;
190216;0000;1;;;
190217;0000;1;;;
190218;0000;1;;;
190219;0000;1;;;
190220;0000;1;;;
190221;0000;1;;;
190222;0000;1;;;
190223;0000;1;;;
190224;0000;1;;;
190225;0000;1;;;
190226;0000;1;;;
190227;0000;1;;;
190228;0000;1;;;
190301;0000;1;;;
190302;0000;1;;;
190303;0000;1;;;
190304;0000;1;;;
190305;0000;1;;;
190306;0000;1;;;
190307;0000;1;;;
190308;0000;1;;;
190309;0000;1;;;
190310;0000;1;;;
190311;0000;1;;;
190312;0000;1;;;
190313;0000;1;;;
190314;0000;1;;;
190315;0000;1;;;
190316;0000;1;;;
190317;0000;1,01;;;
190318;0000;1;;;
190319;0000;1;;;
190320;0000;1;;;
190321;0000;1,01;;;
190322;0000;1,02;;;
190323;0000;1;;;
190324;0000;1;;;
190325;0000;1;;;
190326;0000;1,03;;;
190327;0000;1;;;
190328;0000;1;;;
190329;0000;1;;;
190330;0000;1;;;
190331;0000;1,07;;;
190401;0000;1;;;
190402;0000;1;;;
190403;0000;1,03;;;
190404;0000;1;;;
190405;0000;1;;;
190406;0000;1;;;
190407;0000;1;;;
190408;0000;1;;;
190409;0000;1;;;
190410;0000;1;;;
190411;0000;1;;;
190412;0000;1;;;
190413;0000;1;;;
190414;0000;1;;;
190415;0000;1;;;
190416;0000;1;;;
190417;0000;1;;;
190418;0000;1;;;
190419;0000;1;;;
190420;0000;1;;;
190421;0000;1;;;
190422;0000;1;;;
190423;0000;1;;;
190424;0000;1;;;
190425;0000;1;;;
190426;0000;1;;;
190427;0000;1;;;
190428;0000;1;;;
190429;0000;1;;;
190430;0000;1;;;
190501;0000;1,01;;;
190502;0000;1;;;
190503;0000;1;;;
190504;0000;1,16;;;
190505;0000;1;;;
190506;0000;1;;;
190507;0000;1;;;
190508;0000;1;;;
190509;0000;1;;;
190510;0000;1;;;
190511;0000;1;;;
190512;0000;1;;;
190513;0000;1;;;
190514;0000;1;;;
190515;0000;1;;;
190516;0000;1;;;
190517;0000;1;;;
190518;0000;1;;;
190519;0000;1;;;
190520;0000;1;;;
190521;0000;1;;;
190522;0000;1;;;
190523;0000;1;;;
190524;0000;1;;;
190525;0000;1;;;
190526;0000;1;;;
190527;0000;1,04;;;
190528;0000;1;;;
190529;0000;1,01;;;
190530;0000;1,01;;;
190531;0000;1;;;
190601;0000;1;;;
190602;0000;1;;;
190603;0000;1;;;
190604;0000;1;;;
190605;0000;1;;;
190606;0000;1;;;
190607;0000;1;;;
190608;0000;1;;;
190609;0000;1;;;
190610;0000;1;;;
190611;0000;1;;;
190612;0000;1;;;
190613;0000;1;;;
190614;0000;1;;;
190615;0000;1;;;
190616;0000;1;;;
190617;0000;1;;;
190618;0000;1;;;
190619;0000;1;;;
190620;0000;1;;;
190621;0000;1;;;
190622;0000;1;;;
190623;0000;1;;;
190624;0000;1;;;
190625;0000;1;;;
190626;0000;1;;;
190627;0000;1,01;;;
190628;0000;1;;;
190629;0000;1,12;;;
190630;0000;1,01;;;
190701;0000;1;;;
190702;0000;1;;;
190703;0000;1;;;
190704;0000;1;;;
190705;0000;1;;;
190706;0000;1;;;
190707;0000;1;;;
190708;0000;1;;;
190709;0000;1;;;
190710;0000;1,01;;;
190711;0000;1;;;
190712;0000;1;;;
190713;0000;1;;;
190714;0000;1;;;
190715;0000;1;;;
190716;0000;1,01;;;
190717;0000;1;;;
190718;0000;1;;;
190719;0000;1;;;
190720;0000;1;;;
190721;0000;1,03;;;
190722;0000;1;;;
190723;0000;1;;;
190724;0000;1;;;
190725;0000;1,01;;;
190726;0000;1;;;
190727;0000;1;;;
190728;0000;1;;;
190729;0000;1;;;
190730;0000;1;;;
190731;0000;1;;;
190801;0000;1;;;
190802;0000;1;;;
190803;0000;1;;;
190804;0000;1;;;
190805;0000;1;;;
190806;0000;1;;;
190807;0000;1;;;
190808;0000;1,01;;;
190809;0000;1;;;
190810;0000;1;;;
190811;0000;1;;;
190812;0000;1;;;
190813;0000;1;;;
190814;0000;1;;;
190815;0000;1;;;
190816;0000;1;;;
190817;0000;1;;;
190818;0000;1;;;
190819;0000;1;;;
190820;0000;1;;;
190821;0000;1;;;
190822;0000;1;;;
190823;0000;1;;;
190824;0000;1;;;
190825;0000;1;;;
190826;0000;1;;;
190827;0000;1;;;
190828;0000;1;;;
190829;0000;1;;;
190830;0000;1;;;
190831;0000;1;;;
190901;0000;1;;;
190902;0000;1;;;
190903;0000;1;;;
190904;0000;1;;;
190905;0000;1;;;
190906;0000;1;;;
190907;0000;1;;;
190908;0000;1;;;
190909;0000;1;;;
190910;0000;1;;;
190911;0000;1;;;
190912;0000;1;;;
190913;0000;1;;;
190914;0000;1;;;
190915;0000;1;;;
190916;0000;1;;;
190917;0000;1;;;
190918;0000;1;;;
190919;0000;1;;;
190920;0000;1;;;
190921;0000;1;;;
190922;0000;1;;;
190923;0000;1;;;
190924;0000;1;;;
190925;0000;1;;;
190926;0000;1;;;
190927;0000;1;;;
190928;0000;1;;;
190929;0000;1;;;
190930;0000;1;;;
191001;0000;1;;;
191002;0000;1;;;
191003;0000;1;;;
191004;0000;1;;;
191005;0000;1;;;
191006;0000;1;;;
191007;0000;1;;;
191008;0000;1;;;
191009;0000;1;;;
191010;0000;1;;;
191011;0000;1;;;
191012;0000;1;;;
191013;0000;1;;;
191014;0000;1,01;;;
191015;0000;1;;;
191016;0000;1;;;
191017;0000;1,01;;;
191018;0000;1;;;
191019;0000;1;;;
191020;0000;1;;;
191021;0000;1;;;
191022;0000;1;;;
191023;0000;1;;;
191024;0000;1,01;;;
191025;0000;1;;;
191026;0000;1;;;
191027;0000;1;;;
191028;0000;1;;;
191029;0000;1;;;
191030;0000;1;;;
191031;0000;1;;;
191101;0000;1;;;
191102;0000;1;;;
191103;0000;1;;;
191104;0000;1;;;
191105;0000;1;;;
191106;0000;1;;;
191107;0000;1;;;
191108;0000;1;;;
191109;0000;1;;;
191110;0000;1;;;
191111;0000;1;;;
191112;0000;1;;;
191113;0000;1;;;
191114;0000;1,01;;;
191115;0000;1;;;
191116;0000;1;;;
191117;0000;1,01;;;
191118;0000;1;;;
191119;0000;1;;;
191120;0000;1;;;
191121;0000;1;;;
191122;0000;1;;;
191123;0000;1;;;
191124;0000;1;;;
191125;0000;1;;;
191126;0000;1;;;
191127;0000;1;;;
191128;0000;1;;;
191129;0000;1;;;
191130;0000;1;;;
191201;0000;1,06;;;
191202;0000;1;;;
191203;0000;1;;;
191204;0000;1;;;
191205;0000;1;;;
191206;0000;1;;;
191207;0000;1;;;
191208;0000;1,01;;;
191209;0000;1,02;;;
191210;0000;1;;;
191211;0000;1;;;
191212;0000;1;;;
191213;0000;1;;;
191214;0000;1;;;
191215;0000;1;;;
191216;0000;1;;;
191217;0000;1;;;
191218;0000;1;;;
191219;0000;1;;;
191220;0000;1;;;
191221;0000;1;;;
191222;0000;1;;;
191223;0000;1;;;
191224;0000;1;;;
191225;0000;1;;;
191226;0000;1;;;
191227;0000;1;;;
191228;0000;1;;;
191229;0000;1;;;
191230;0000;1;;;
191231;0000;1,03;;;
200101;0000;1,01;;;
200102;0000;1,07;;;
200103;0000;1;;;
200104;0000;1;;;
200105;0000;1;;;
200106;0000;1,01;;;
200107;0000;1;;;
200108;0000;1;;;
200109;0000;1;;;
200110;0000;1;;;
200111;0000;1;;;
200112;0000;1;;;
200113;0000;1;;;
200114;0000;1;;;
200115;0000;1;;;
200116;0000;1;;;
200117;0000;1;;;
200118;0000;1;;;
200119;0000;1;;;
200120;0000;1;;;
200121;0000;1;;;
200122;0000;1;;;
200123;0000;;;;
200124;0000;;;;
200125;0000;1;;;
200126;0000;1;;;
200127;0000;1;;;
200128;0000;1;;;
200129;0000;1;;;
200130;0000;1;;;
200131;0000;1;;;
200201;0000;1;;;
200202;0000;1;;;
200203;0000;1;;;
200204;0000;1;;;
200205;0000;1;;;
200206;0000;1;;;
200207;0000;1;;;
200208;0000;1;;;
200209;0000;1;;;
200210;0000;1;;;
200211;0000;1;;;
200212;0000;1;;;
200213;0000;1;;;
200214;0000;1,01;;;
200215;0000;1;;;
200216;0000;1;;;
200217;0000;1,01;;;
200218;0000;1;;;
200219;0000;1;;;
200220;0000;1;;;
200221;0000;1;;;
200222;0000;1;;;
200223;0000;1;;;
200224;0000;1;;;
200225;0000;1,05;;;
200226;0000;1,01;;;
200227;0000;1,02;;;
200228;0000;1,04;;;
200229;0000;1,01;;;
200301;0000;1;;;
200302;0000;1;;;
200303;0000;1;;;
200304;0000;1,01;;;
200305;0000;1;;;
200306;0000;;;;
200307;0000;1;;;
200308;0000;1,01;;;
200309;0000;1;;;
200310;0000;1;;;
200311;0000;1;;;
200312;0000;1;;;
200313;0000;1;;;
200314;0000;1;;;
200315;0000;1;;;
200316;0000;1;;;
200317;0000;1;;;
200318;0000;1;;;
200319;0000;1,01;;;
200320;0000;1;;;
200321;0000;1;;;
200322;0000;;1;;
200323;0000;;1,01;;
200324;0000;1;;;
200325;0000;1;;;
200326;0000;1;;;
200327;0000;;1,07;;
200328;0000;1;;;
200329;0000;1;;;
200330;0000;;1,01;;
200331;0000;1;;;
200401;0000;1;;;
200402;0000;1;;;
200403;0000;;1;;
200404;0000;;1;;
200405;0000;1;;;
200406;0000;1,18;;;
200407;0000;1,24;;;
200408;0000;1,27;;;
200409;0000;1,12;;;
200410;0000;1;;;
200411;0000;1,01;;;
200412;0000;1;;;
200413;0000;1,02;;;
200414;0000;1,02;;;
200415;0000;1,23;;;
200416;0000;1,04;;;
200417;0000;1,03;;;
200418;0000;1;;;
200419;0000;1;;;
200420;0000;1;;;
200421;0000;1,06;;;
200422;0000;1;;;
200423;0000;1;;;
200424;0000;1,01;;;
200425;0000;1,04;;;
200426;0000;1;;;
200427;0000;1;;;
200428;0000;;;;
200429;0000;;;;
200430;0000;1;;;
200501;0000;1;;;
200502;0000;1;;;
200503;0000;1;;;
200504;0000;1,01;;;
200505;0000;1;;;
200506;0000;1,03;;;
200507;0000;1;;;
200508;0000;1;;;
200509;0000;;1;;
200510;0000;;1;;
200511;0000;1,01;;;
200512;0000;1,17;;;
200513;0000;1,01;;;
200514;0000;1;;;
200515;0000;1;;;
200516;0000;1;;;
200517;0000;1;;;
200518;0000;1;;;
200519;0000;1;;;
200520;0000;1;;;
200521;0000;1,01;;;
200522;0000;;;;
200523;0000;;;4,16;
200524;0000;;;3,72;
200525;0000;;;3,81;
200526;0000;;;3,98;
200527;0000;;;2,63;
200528;0000;1;;;
200529;0000;1;;;
200530;0000;;1;;
200531;0000;;1;;
200601;0000;;1;;
200602;0000;;1;;
200603;0000;1;;;
200604;0000;1;;;
200605;0000;1,03;;;
200606;0000;1,03;;;
200607;0000;1,01;;;
200608;0000;;;;
200609;0000;;;1,01;
200610;0000;1;;;
200611;0000;1;;;
200612;0000;1;;;
200613;0000;;1;;
200614;0000;;1;;
200615;0000;;1;;
200616;0000;;;;
200617;0000;;;;
200618;0000;;;;
200619;0000;1;;;
200620;0000;1;;;
200621;0000;;1;;
200622;0000;;1;;
200623;0000;1,01;;;
200624;0000;1;;;
200625;0000;1;;;
200626;0000;;1;;
200627;0000;;1;;
200628;0000;1;;;
200629;0000;1;;;
200630;0000;1,03;;;
200701;0000;1;;;
200702;0000;1;;;
200703;0000;;1;;
200704;0000;;1;;
200705;0000;;1;;
200706;0000;;1,03;;
200707;0000;1;;;
200708;0000;1;;;
200709;0000;1;;;
200710;0000;1;;;
200711;0000;1;;;
200712;0000;;1;;
200713;0000;;1;;
200714;0000;1;;;
200715;0000;1,05;;;
200716;0000;1;;;
200717;0000;1;;;
200718;0000;;1;;
200719;0000;;1;;
200720;0000;;1;;
200721;0000;;1;;
200722;0000;1;;;
200723;0000;1;;;
200724;0000;;1;;
200725;0000;1,01;;;
200726;0000;1;;;
200727;0000;1;;;
200728;0000;;1,02;;
200729;0000;1;;;
200730;0000;1;;;
200731;0000;;1;;
200801;0000;;1;;
200802;0000;;1;;
200803;0000;;1;;
200804;0000;;1;;
200805;0000;1;;;
200806;0000;1;;;
200807;0000;;1;;
200808;0000;;1;;
200809;0000;;1;;
200810;0000;;1;;
200811;0000;1;;;
200812;0000;1;;;
200813;0000;;1;;
200814;0000;;1;;
200815;0000;;1;;
200816;0000;;1;;
200817;0000;;1;;
200818;0000;;1;;
200819;0000;;1;;
200820;0000;;1;;
200821;0000;;1;;
200822;0000;1;;;
200823;0000;1;;;
200824;0000;;1;;
200825;0000;;1;;
200826;0000;;1;;
200827;0000;;1;;
200828;0000;1;;;
200829;0000;1;;;
200830;0000;;1;;
200831;0000;;1;;
200901;0000;;1;;
200902;0000;;1;;
200903;0000;;1;;
200904;0000;;1;;
200905;0000;1;;;
200906;0000;1;;;
200907;0000;1,01;;;
200908;0000;1;;;
200909;0000;1;;;
200910;0000;1;;;
200911;0000;;1;;
200912;0000;;1;;
200913;0000;;1;;
200914;0000;1,01;;;
200915;0000;1;;;
200916;0000;1;;;
200917;0000;1;;;
200918;0000;1;;;
200919;0000;;1;;
200920;0000;;1;;
200921;0000;;1;;
200922;0000;;1;;
200923;0000;;1,04;;
200924;0000;1;;;
200925;0000;1;;;
200926;0000;1;;;
200927;0000;;;;
200928;0000;;;;
200929;0000;;;;
200930;0000;1;;;
201001;0000;1;;;
201002;0000;1;;;
201003;0000;1;;;
201004;0000;;;;
201005;0000;;1;;
201006;0000;;1;;
201007;0000;1;;;
201008;0000;1;;;
201009;0000;;1;;
201010;0000;;1;;
201011;0000;;1;;
201012;0000;;;;
201013;0000;;;;
201014;0000;1;;;
201015;0000;1;;;
201016;0000;;1;;
201017;0000;;1;;
201018;0000;;1;;
201019;0000;;1;;
201020;0000;;1;;
201021;0000;1;;;
201022;0000;1;;;
201023;0000;;1;;
201024;0000;1;;;
201025;0000;1;;;
201026;0000;1,02;;;
201027;0000;1;;;
201028;0000;1,09;;;
201029;0000;1,02;;;
201030;0000;1;;;
201031;0000;1;;;
201101;0000;;1;;
201102;0000;;1;;
201103;0000;;1;;
201104;0000;;1;;
201105;0000;;1;;
201106;0000;;1;;
201107;0000;;1;;
201108;0000;;1;;
201109;0000;;1;;
201110;0000;1;;;
201111;0000;1,01;;;
201112;0000;1;;;
201113;0000;1;;;
201114;0000;;1;;
201115;0000;;1;;
201116;0000;;1;;
201117;0000;;1;;
201118;0000;;1;;
201119;0000;1;;;
201120;0000;1;;;
201121;0000;;1;;
201122;0000;;1;;
201123;0000;;1;;
201124;0000;1;;;
201125;0000;1;;;
201126;0000;1,01;;;
201127;0000;1;;;
201128;0000;1;;;
201129;0000;;1;;
201130;0000;;1;;
201201;0000;;1;;
201202;0000;;1,02;;
201203;0000;1;;;
201204;0000;1;;;
201205;0000;;1;;
201206;0000;;1;;
201207;0000;;1;;
201208;0000;;1;;
201209;0000;;1;;
201210;0000;;1;;
201211;0000;;1;;
201212;0000;;1;;
201213;0000;;1;;
201214;0000;;1;;
201215;0000;;1;;
201216;0000;;1;;
201217;0000;1;;;
201218;0000;1;;;
201219;0000;;1;;
201220;0000;;1;;
201221;0000;;1;;
201222;0000;1;;;
201223;0000;1;;;
201224;0000;;1;;
201225;0000;1;;;
201226;0000;1;;;
201227;0000;;1;;
201228;0000;1;;;
201229;0000;1;;;
201230;0000;1;;;
201231;0000;1;;;
210101;0000;1;;;
210102;0000;1;;;
210103;0000;;1;;
210104;0000;;1;;
210105;0000;;1;;
210106;0000;1;;;
210107;0000;1;;;
210108;0000;1;;;
210109;0000;1;;;
210110;0000;;1;;
210111;0000;;1;;
210112;0000;;1;;
210113;0000;1;;;
210114;0000;1;;;
210115;0000;;1;;
210116;0000;;1;;
210117;0000;;1;;
210118;0000;;1;;
210119;0000;;1;;
210120;0000;1;;;
210121;0000;1;;;
210122;0000;;1;;
210123;0000;;1;;
210124;0000;;1;;
210125;0000;1;;;
210126;0000;1;;;
210127;0000;1;;;
210128;0000;;1;;
210129;0000;;1;;
210130;0000;;1;;
210131;0000;1;;;
210201;0000;1;;;
210202;0000;1,08;;;
210203;0000;1;;;
210204;0000;1;;;
210205;0000;;1;;
210206;0000;;1;;
210207;0000;;1;;
210208;0000;;1;;
210209;0000;;1,03;;
210210;0000;1;;;
210211;0000;1;;;
210212;0000;;1;;
210213;0000;;1;;
210214;0000;;1;;
210215;0000;;1;;
210216;0000;;1,02;;
210217;0000;1,01;;;
210218;0000;1;;;
210219;0000;1;;;
210220;0000;;1;;
210221;0000;;1;;
210222;0000;;1;;
210223;0000;;1;;
210224;0000;;1,04;;
210225;0000;1,02;;;
210226;0000;1;;;
210227;0000;1;;;
210228;0000;;1;;
210301;0000;;1;;
210302;0000;;1;;
210303;0000;;1;;
210304;0000;1;;;
210305;0000;1;;;
210306;0000;;1;;
210307;0000;;1;;
210308;0000;;1,03;;
210309;0000;1,01;;;
210310;0000;1;;;
210311;0000;1;;;
210312;0000;;1;;
210313;0000;;1;;
210314;0000;;1;;
210315;0000;;1;;
210316;0000;;1;;
210317;0000;1;;;
210318;0000;1;;;
210319;0000;;1;;
210320;0000;;1;;
210321;0000;;1;;
210322;0000;;1;;
210323;0000;;1;;
210324;0000;1;;;
210325;0000;1;;;
210326;0000;;1;;
210327;0000;;1;;
210328;0000;;1;;
210329;0000;;1;;
210330;0000;;1;;
210331;0000;;1;;
210401;0000;;1;;
210402;0000;;1;;
210403;0000;;1;;
210404;0000;;1;;
210405;0000;;1;;
210406;0000;;1;;
210407;0000;1;;;
210408;0000;1;;;
210409;0000;;1;;
210410;0000;;1;;
210411;0000;;1;;
210412;0000;;1;;
210413;0000;;1;;
210414;0000;;1;;
210415;0000;;1;;
210416;0000;;1;;
210417;0000;;1;;
210418;0000;;1;;
210419;0000;;1;;
210420;0000;1;;;
210421;0000;1;;;
210422;0000;;1;;
210423;0000;;1;;
210424;0000;;1;;
210425;0000;;1;;
210426;0000;;1;;
210427;0000;;1;;
210428;0000;1;;;
210429;0000;1;;;
210430;0000;;1;;
210501;0000;;1;;
210502;0000;;1;;
210503;0000;;1;;
210504;0000;;1;;
210505;0000;2,76;;;
210506;0000;1;;;
210507;0000;1;;;
210508;0000;;1;;
210509;0000;;1;;
210510;0000;;1;;
210511;0000;1;;;
210512;0000;1;;;
210513;0000;;1;;
210514;0000;;1;;
210515;0000;;1;;
210516;0000;;1;;
210517;0000;;1;;
210518;0000;;1;;
210519;0000;1;;;
210520;0000;1;;;
210521;0000;;1;;
210522;0000;;1;;
210523;0000;;1;;
210524;0000;;1;;
210525;0000;;1;;
210526;0000;1;;;
210527;0000;1;;;
210528;0000;;1;;
210529;0000;1;;;
210530;0000;1;;;
210531;0000;;1;;
210601;0000;;1;;
210602;0000;;1;;
210603;0000;1;;;
210604;0000;1;;;
210605;0000;;1;;
210606;0000;;1;;
210607;0000;;1;;
210608;0000;;1;;
210609;0000;1;;;
210610;0000;1;;;
210611;0000;;1;;
210612;0000;;1;;
210613;0000;;1;;
210614;0000;;1;;
210615;0000;;1;;
210616;0000;1;;;
210617;0000;1;;;
210618;0000;;1;;
210619;0000;;1;;
210620;0000;;1;;
210621;0000;;1;;
210622;0000;1;;;
210623;0000;1;;;
210624;0000;;1;;
210625;0000;;1;;
210626;0000;1;;;
210627;0000;1;;;
210628;0000;;1;;
210629;0000;;1;;
210630;0000;;1;;
210701;0000;1;;;
210702;0000;1;;;
210703;0000;;1;;
210704;0000;;1;;
210705;0000;;1;;
210706;0000;1;;;
210707;0000;1;;;
210708;0000;1;;;
210709;0000;1;;;
210710;0000;1;;;
210711;0000;1;;;
210712;0000;1;;;
210713;0000;1;;;
210714;0000;1;;;
210715;0000;1;;;
210716;0000;1;;;
210717;0000;1;;;
210718;0000;1;;;
210719;0000;1;;;
210720;0000;1;;;
210721;0000;1;;;
210722;0000;1,01;;;
210723;0000;1;;;
210724;0000;1;;;
210725;0000;1;;;
210726;0000;1;;;
210727;0000;1;;;
210728;0000;1;;;
210729;0000;1;;;
210730;0000;1;;;
210731;0000;1,01;;;
210801;0000;1;;;
210802;0000;1;;;
210803;0000;1;;;
210804;0000;1;;;
210805;0000;1;;;
210806;0000;1;;;
210807;0000;1;;;
210808;0000;1;;;
210809;0000;1;;;
210810;0000;1;;;
210811;0000;1;;;
210812;0000;1;;;
210813;0000;1;;;
210814;0000;1;;;
210815;0000;1;;;
210816;0000;1;;;
210817;0000;1;;;
210818;0000;1;;;
210819;0000;1;;;
210820;0000;1;;;
210821;0000;1;;;
210822;0000;1;;;
210823;0000;1;;;
210824;0000;1;;;
210825;0000;1;;;
210826;0000;1;;;
210827;0000;1;;;
210828;0000;1;;;
210829;0000;1;;;
210830;0000;1;;;
210831;0000;1;;;
210901;0000;1;;;
210902;0000;1;;;
210903;0000;1;;;
210904;0000;1;;;
210905;0000;1;;;
210906;0000;1;;;
210907;0000;1,34;;;
210908;0000;1,25;;;
210909;0000;1;;;
210910;0000;1;;;
210911;0000;1;;;
210912;0000;1;;;
210913;0000;1;;;
210914;0000;1;;;
210915;0000;1;;;
210916;0000;1;;;
210917;0000;1;;;
210918;0000;1;;;
210919;0000;1;;;
210920;0000;1;;;
210921;0000;1;;;
210922;0000;1;;;
210923;0000;1;;;
210924;0000;1;;;
210925;0000;1;;;
210926;0000;1;;;
210927;0000;1;;;
210928;0000;1;;;
210929;0000;1;;;
210930;0000;1;;;
211001;0000;1;;;
211002;0000;1;;;
211003;0000;1;;;
211004;0000;1;;;
211005;0000;1;;;
211006;0000;1;;;
211007;0000;1;;;
211008;0000;1;;;
211009;0000;1;;;
211010;0000;1;;;
211011;0000;1;;;
211012;0000;1;;;
211013;0000;1;;;
211014;0000;1;;;
211015;0000;1;;;
211016;0000;1;;;
211017;0000;1;;;
211018;0000;1;;;
211019;0000;1;;;
211020;0000;1;;;
211021;0000;1;;;
211022;0000;1;;;
211023;0000;1;;;
211024;0000;1;;;
211025;0000;1;;;
211026;0000;1;;;
211027;0000;1;;;
211028;0000;1;;;
211029;0000;1;;;
211030;0000;1;;;
211031;0000;1;;;
211101;0000;1;;;
211102;0000;;1;;
211103;0000;;1;;
211104;0000;;1;;
211105;0000;;1;;
211106;0000;;1;;
211107;0000;;1;;
211108;0000;;1;;
211109;0000;;1,14;;
211110;0000;;1,23;;
211111;0000;;1,22;;
211112;0000;;1,24;;
211113;0000;;1,22;;
211114;0000;;1,22;;
211115;0000;;1,22;;
211116;0000;;1,22;;
211117;0000;;1,24;;
211118;0000;;1,28;;
211119;0000;;1,27;;
211120;0000;;1,27;;
211121;0000;;1,28;;
211122;0000;;1,27;;
211123;0000;;1,28;;
211124;0000;;1,28;;
211125;0000;;1,3;;
211126;0000;1,29;;;
211127;0000;1,3;;;
211128;0000;1,29;;;
211129;0000;1,11;;;
211130;0000;1;;;
211201;0000;1;;;
211202;0000;1;;;
211203;0000;1;;;
211204;0000;1;;;
211205;0000;1;;;
211206;0000;1;;;
211207;0000;1;;;
211208;0000;1;;;
211209;0000;1;;;
211210;0000;1;;;
211211;0000;1;;;
211212;0000;1;;;
211213;0000;1;;;
211214;0000;1;;;
211215;0000;1;;;
211216;0000;1;;;
211217;0000;1;;;
211218;0000;1;;;
211219;0000;1;;;
211220;0000;1;;;
211221;0000;1;;;
211222;0000;1;;;
211223;0000;1;;;
211224;0000;1;;;
211225;0000;1;;;
211226;0000;1;;;
211227;0000;1;;;
211228;0000;1;;;
211229;0000;1;;;
211230;0000;1;;;
211231;0000;1;;;
220101;0000;1;;;
220102;0000;1;;;
220103;0000;1;;;
220104;0000;1;;;
220105;0000;1;;;
220106;0000;1;;;
220107;0000;1;;;
220108;0000;;1;;
220109;0000;;1;;
220110;0000;;1;;
220111;0000;;1;;
220112;0000;;1;;
220113;0000;;1;;
220114;0000;;1;;
220115;0000;;1;;
220116;0000;;1;;
220117;0000;;1;;
220118;0000;;1;;
220119;0000;;1;;
220120;0000;;1;;
220121;0000;;1;;
220122;0000;;1;;
220123;0000;1;;;
220124;0000;1;;;
220125;0000;1;;;
220126;0000;1;;;
220127;0000;1;;;
220128;0000;1;;;
220129;0000;;1;;
220130;0000;;1;;
220131;0000;;1;;
220201;0000;;1;;
220202;0000;;1;;
220203;0000;;1;;
220204;0000;;1;;
220205;0000;;1;;
220206;0000;;;;
220207;0000;;1;;
220208;0000;1;;;
220209;0000;1;;;
220210;0000;1;;;
220211;0000;1;;;
220212;0000;1;;;
220213;0000;1;;;
220214;0000;1;;;
220215;0000;1;;;
220216;0000;1;;;
220217;0000;1;;;
220218;0000;1;;;
220219;0000;1;;;
220220;0000;1;;;
220221;0000;1;;;
220222;0000;1;;;
220223;0000;1;;;
220224;0000;1;;;
220225;0000;1;;;
220226;0000;1;;;
220227;0000;1;;;
220228;0000;1;;;
220301;0000;1;;;
220302;0000;1;;;
220303;0000;1;;;
220304;0000;1;;;
220305;0000;1;;;
220306;0000;1;;;
220307;0000;1;;;
220308;0000;1;;;
220309;0000;1;;;
220310;0000;1;;;
220311;0000;1;;;
220312;0000;1;;;
220313;0000;1;;;
220314;0000;1;;;
220315;0000;1;;;
220316;0000;1;;;
220317;0000;1;;;
220318;0000;1;;;
220319;0000;1;;;
220320;0000;1;;;
220321;0000;1;;;
220322;0000;1;;;
220323;0000;1;;;
220324;0000;1;;;
220325;0000;1;;;
220326;0000;1;;;
220327;0000;1;;;
220328;0000;1;;;
220329;0000;1;;;
220330;0000;1;;;
220331;0000;1;;;
220401;0000;1;;;
220402;0000;1;;;
220403;0000;1;;;
220404;0000;1;;;
220405;0000;1;;;
220406;0000;1;;;
220407;0000;1;;;
220408;0000;1;;;
220409;0000;1;;;
220410;0000;1;;;
220411;0000;1;;;
220412;0000;1;;;
220413;0000;1;;;
220414;0000;1;;;
220415;0000;1;;;
220416;0000;1;;;
220417;0000;1;;;
220418;0000;1;;;
220419;0000;1;;;
220420;0000;1;;;
220421;0000;1;;;
220422;0000;1;;;
220423;0000;1;;;
220424;0000;1;;;
220425;0000;1;;;
220426;0000;1;;;
220427;0000;1;;;
220428;0000;1;;;
220429;0000;1;;;
220430;0000;1;;;
220501;0000;1;;;
220502;0000;1;;;
220503;0000;1;;;
220504;0000;1;;;
220505;0000;1;;;
220506;0000;1;;;
220507;0000;1;;;
220508;0000;1;;;
220509;0000;1;;;
220510;0000;1;;;
220511;0000;;1;;
220512;0000;;1;;
220513;0000;;1;;
220514;0000;;1;;
220515;0000;;1;;
220516;0000;;1;;
220517;0000;;;;
220518;0000;;1;;
220519;0000;;1;;
220520;0000;;1;;
220521;0000;;1;;
220522;0000;;1;;
220523;0000;;1;;
220524;0000;;1;;
220525;0000;;1;;
220526;0000;;1;;
220527;0000;;;;
220528;0000;;1;;
220529;0000;;1;;
220530;0000;;1;;
220531;0000;;1;;
220601;0000;;;;
220602;0000;;;;
220603;0000;;;;
220604;0000;;;;
220605;0000;;;;
220606;0000;;;;
220607;0000;;1;;
220608;0000;;1;;
220609;0000;;1;;
220610;0000;;1;;
220611;0000;;1;;
220612;0000;;1;;
220613;0000;;1;;
220614;0000;;1;;
220615;0000;;1;;
220616;0000;;;;
220617;0000;;1;;
220618;0000;;1;;
220619;0000;;1;;
220620;0000;;1;;
220621;0000;;1;;
220622;0000;;1;;
220623;0000;;1;;
220624;0000;;1;;
220625;0000;;1;;
220626;0000;;;;
220627;0000;1;;;
220628;0000;1;;;
220629;0000;1;;;
220630;0000;1;;;
220701;0000;;1;;
220702;0000;;1;;
220703;0000;;1;;
220704;0000;;1;;
220705;0000;;1;;
220706;0000;;;;
220707;0000;;1;;
220708;0000;;1;;
220709;0000;;1;;
220710;0000;;1;;
220711;0000;;1;;
220712;0000;;1;;
220713;0000;;1;;
220714;0000;;1;;
220715;0000;;1;;
220716;0000;;;;
220717;0000;;1;;
220718;0000;;1;;
220719;0000;;1;;
220720;0000;;1;;
220721;0000;;1;;
220722;0000;;1;;
220723;0000;;1;;
220724;0000;;1;;
220725;0000;;1;;
220726;0000;;;;
220727;0000;1;;;
220728;0000;1;;;
220729;0000;1;;;
220730;0000;1;;;
220731;0000;1;;;
220801;0000;;1;;
220802;0000;;1;;
220803;0000;;1;;
220804;0000;;1;;
220805;0000;;;;
220806;0000;;1;;
220807;0000;;1;;
220808;0000;;1;;
220809;0000;;1;;
220810;0000;;1;;
220811;0000;;1;;
220812;0000;;1;;
220813;0000;;1;;
220814;0000;;1;;
220815;0000;;;;
220816;0000;;1;;
220817;0000;;1;;
220818;0000;;1;;
220819;0000;;1;;
220820;0000;;1;;
220821;0000;;1;;
220822;0000;;1;;
220823;0000;;1;;
220824;0000;;1;;
220825;0000;;;;
220826;0000;1;;;
220827;0000;1;;;
220828;0000;1;;;
220829;0000;1;;;
220830;0000;1;;;
220831;0000;1;;;
220901;0000;;1;;
220902;0000;;1;;
220903;0000;;1;;
220904;0000;;;;
220905;0000;;1;;
220906;0000;;1;;
220907;0000;;1;;
220908;0000;;1;;
220909;0000;;1;;
220910;0000;;1;;
220911;0000;;1;;
220912;0000;;1;;
220913;0000;;1;;
220914;0000;;;;
220915;0000;;1;;
220916;0000;;1;;
220917;0000;;1;;
220918;0000;;1;;
220919;0000;;1;;
220920;0000;;1;;
220921;0000;;1;;
220922;0000;;1;;
220923;0000;;1;;
220924;0000;;1;;
220925;0000;1;;;
220926;0000;1;;;
220927;0000;1;;;
220928;0000;1,01;;;
220929;0000;1;;;
220930;0000;1;;;
221001;0000;1;;;
221002;0000;1;;;
221003;0000;1;;;
221004;0000;1;;;
221005;0000;1;;;
221006;0000;1;;;
221007;0000;1;;;
221008;0000;1;;;
221009;0000;1;;;
221010;0000;1;;;
221011;0000;1;;;
221012;0000;1;;;
221013;0000;1;;;
221014;0000;1;;;
221015;0000;1;;;
221016;0000;1;;;
221017;0000;1;;;
221018;0000;1;;;
221019;0000;1;;;
221020;0000;1,01;;;
221021;0000;1;;;
221022;0000;1;;;
221023;0000;1;;;
221024;0000;1;;;
221025;0000;1;;;
221026;0000;1;;;
221027;0000;1;;;
221028;0000;1;;;
221029;0000;1;;;
221030;0000;1;;;
221031;0000;1;;;
221101;0000;1;;;
221102;0000;1;;;
221103;0000;1;;;
221104;0000;1;;;
221105;0000;1;;;
221106;0000;1;;;
221107;0000;1;;;
221108;0000;1;;;
221109;0000;1;;;
221110;0000;1;;;
221111;0000;1;;;
221112;0000;1;;;
221113;0000;1;;;
221114;0000;1;;;
221115;0000;1;;;
221116;0000;1;;;
221117;0000;1;;;
221118;0000;1;;;
221119;0000;1;;;
221120;0000;1;;;
221121;0000;1;;;
221122;0000;1;;;
221123;0000;1;;;
221124;0000;1;;;
221125;0000;1;;;
221126;0000;1;;;
221127;0000;1;;;
221128;0000;1;;;
221129;0000;1;;;
221130;0000;1;;;
221201;0000;1;;;
221202;0000;1;;;
221203;0000;1;;;
221204;0000;1;;;
221205;0000;1;;;
221206;0000;1;;;
221207;0000;1;;;
221208;0000;1;;;
221209;0000;1;;;
221210;0000;1;;;
221211;0000;1;;;
221212;0000;1;;;
221213;0000;1;;;
221214;0000;1;;;
221215;0000;1;;;
221216;0000;1;;;
221217;0000;1;;;
221218;0000;1;;;
221219;0000;1;;;
221220;0000;;1;;
221221;0000;;1;;
221222;0000;;1;;
221223;0000;;;;
221224;0000;1;;;
221225;0000;1;;;
221226;0000;1;;;
221227;0000;1;;;
221228;0000;1;;;
221229;0000;1;;;
221230;0000;1;;;
221231;0000;1;;;
230101;0000;1;;;
230102;0000;;;;
230103;0000;;1;;
230104;0000;;1;;
230105;0000;1;;;
230106;0000;1;;;
230107;0000;1;;;
230108;0000;1;;;
230109;0000;1;;;
230110;0000;1;;;
230111;0000;1;;;
230112;0000;1;;;
230113;0000;1;;;
230114;0000;1;;;
230115;0000;1;;;
230116;0000;1;;;
230117;0000;1;;;
230118;0000;1;;;
230119;0000;1;;;
230120;0000;1;;;
230121;0000;1;;;
230122;0000;1;;;
230123;0000;1;;;
230124;0000;1;;;
230125;0000;1;;;
230126;0000;1;;;
230127;0000;1;;;
230128;0000;1;;;
230129;0000;1;;;
230130;0000;1;;;
230131;0000;1;;;
230201;0000;1;;;
230202;0000;1;;;
230203;0000;1;;;
230204;0000;1;;;
230205;0000;1;;;
230206;0000;1;;;
230207;0000;1;;;
230208;0000;1;;;
230209;0000;1;;;
230210;0000;1;;;
230211;0000;1;;;
230212;0000;1;;;
230213;0000;1;;;
230214;0000;1;;;
230215;0000;1;;;
230216;0000;1;;;
230217;0000;1;;;
230218;0000;1;;;
230219;0000;1;;;
230220;0000;1;;;
230221;0000;1;;;
230222;0000;1;;;
230223;0000;1;;;
230224;0000;1;;;
230225;0000;1;;;
230226;0000;1;;;
230227;0000;1;;;
230228;0000;1;;;
230301;0000;1;;;
230302;0000;1,01;;;
230303;0000;1;;;
230304;0000;1;;;
230305;0000;1;;;
230306;0000;1,01;;;
230307;0000;1,01;;;
230308;0000;1,06;;;
230309;0000;1,04;;;
230310;0000;1,01;;;
230311;0000;1,01;;;
230312;0000;1;;;
230313;0000;1,01;;;
230314;0000;1,01;;;
230315;0000;1;;;
230316;0000;1,01;;;
230317;0000;1,01;;;
230318;0000;1,01;;;
230319;0000;1;;;
230320;0000;1,02;;;
230321;0000;1;;;
230322;0000;1;;;
230323;0000;1;;;
230324;0000;1;;;
230325;0000;1;;;
230326;0000;1;;;
230327;0000;1;;;
230328;0000;1;;;
230329;0000;1;;;
230330;0000;1;;;
230331;0000;1;;;
230401;0000;1;;;
230402;0000;1;;;
230403;0000;1;;;
230404;0000;1;;;
230405;0000;1;;;
230406;0000;1;;;
230407;0000;1;;;
230408;0000;1;;;
230409;0000;1;;;
230410;0000;1;;;
230411;0000;1,01;;;
230412;0000;1;;;
230413;0000;1;;;
230414;0000;1;;;
230415;0000;1;;;
230416;0000;1;;;
230417;0000;1;;;
230418;0000;1;;;
230419;0000;1;;;
230420;0000;1;;;
230421;0000;1;;;
230422;0000;1;;;
230423;0000;1;;;
230424;0000;1;;;
230425;0000;1;;;
230426;0000;1;;;
230427;0000;1;;;
230428;0000;1;;;
230429;0000;1;;;
230430;0000;1;;;
230501;0000;1;;;
230502;0000;1;;;
230503;0000;1;;;
230504;0000;1;;;
230505;0000;1;;;
230506;0000;1;;;
230507;0000;1;;;
230508;0000;1;;;
230509;0000;1;;;
230510;0000;1;;;
230511;0000;1;;;
230512;0000;1;;;
230513;0000;1;;;
230514;0000;1;;;
230515;0000;1;;;
230516;0000;1;;;
230517;0000;1,01;;;
230518;0000;1;;;
230519;0000;1;;;
230520;0000;1;;;
230521;0000;1;;;
230522;0000;1;;;
230523;0000;1;;;
230524;0000;1;;;
230525;0000;1;;;
230526;0000;1;;;
230527;0000;1;;;
230528;0000;1;;;
230529;0000;1;;;
230530;0000;1;;;
230531;0000;1;;;
230601;0000;1;;;
230602;0000;1;;;
230603;0000;1;;;
230604;0000;1;;;
230605;0000;1;;;
230606;0000;1;;;
230607;0000;1;;;
230608;0000;1;;;
230609;0000;1;;;
230610;0000;1;;;
230611;0000;1;;;
230612;0000;1;;;
230613;0000;1;;;
230614;0000;1;;;
230615;0000;1;;;
230616;0000;1;;;
230617;0000;1;;;
230618;0000;1;;;
230619;0000;1;;;
230620;0000;1;;;
230621;0000;1;;;
230622;0000;1;;;
230623;0000;1;;;
230624;0000;1;;;
230625;0000;1;;;
230626;0000;1;;;
230627;0000;1;;;
230628;0000;1;;;
230629;0000;1;;;
230630;0000;1;;;
230701;0000;1;;;
230702;0000;1;;;
230703;0000;1;;;
230704;0000;1;;;
230705;0000;1;;;
230706;0000;1;;;
230707;0000;1;;;
230708;0000;1;;;
230709;0000;1;;;
230710;0000;1;;;
230711;0000;1;;;
230712;0000;1;;;
230713;0000;1;;;
230714;0000;1;;;
230715;0000;1;;;
230716;0000;1;;;
230717;0000;1;;;
230718;0000;1;;;
230719;0000;1;;;
230720;0000;1;;;
230721;0000;1;;;
230722;0000;1;;;
230723;0000;1;;;
230724;0000;1;;;
230725;0000;1;;;
230726;0000;1;;;
230727;0000;1;;;
230728;0000;1;;;
230729;0000;1;;;
230730;0000;1;;;
230731;0000;1;;;
230801;0000;1;;;
230802;0000;1;;;
230803;0000;1;;;
230804;0000;1;;;
230805;0000;1;;;
230806;0000;1;;;
230807;0000;1;;;
230808;0000;1;;;
230809;0000;1;;;
230810;0000;1;;;
230811;0000;1;;;
230812;0000;1;;;
230813;0000;1;;;
230814;0000;1;;;
230815;0000;1;;;
230816;0000;1,02;;;
230817;0000;1;;;
230818;0000;1;;;
230819;0000;1;;;
230820;0000;1;;;
230821;0000;1;;;
230822;0000;1;;;
230823;0000;1;;;
230824;0000;1;;;
230825;0000;1;;;
230826;0000;1;;;
230827;0000;1;;;
230828;0000;1;;;
230829;0000;1;;;
230830;0000;1;;;
230831;0000;1;;;
230901;0000;1;;;
230902;0000;1;;;
230903;0000;1;;;
230904;0000;1;;;
230905;0000;1;;;
230906;0000;1;;;
230907;0000;1;;;
230908;0000;1;;;
230909;0000;1;;;
230910;0000;1;;;
230911;0000;1;;;
230912;0000;1;;;
230913;0000;1;;;
230914;0000;1,01;;;
230915;0000;1;;;
230916;0000;1;;;
230917;0000;1;;;
230918;0000;1;;;
230919;0000;1;;;
230920;0000;1;;;
230921;0000;1;;;
230922;0000;1;;;
230923;0000;1;;;
230924;0000;1;;;
230925;0000;1;;;
230926;0000;1;;;
230927;0000;1;;;
230928;0000;1;;;
230929;0000;1;;;
230930;0000;1;;;
231001;0000;1;;;
231002;0000;1;;;
231003;0000;1;;;
231004;0000;1;;;
231005;0000;;;;
231006;0000;;;;
231007;0000;;;;
231008;0000;1;;;
231009;0000;1;;;
231010;0000;1;;;
231011;0000;1;;;
231012;0000;1;;;
231013;0000;1;;;
231014;0000;1;;;
231015;0000;1;;;
231016;0000;1;;;
231017;0000;1;;;
231018;0000;1;;;
231019;0000;1;;;
231020;0000;1;;;
231021;0000;1;;;
231022;0000;1;;;
231023;0000;1;;;
231024;0000;1;;;
231025;0000;1;;;
231026;0000;1;;;
231027;0000;1;;;
231028;0000;1;;;
231029;0000;1;;;
231030;0000;1;;;
231031;0000;1;;;
231101;0000;;1;;
231102;0000;;1;;
231103;0000;;1;;
231104;0000;;1;;
231105;0000;;1;;
231106;0000;;1;;
231107;0000;;1;;
231108;0000;;1;;
231109;0000;;1;;
231110;0000;;1;;
231111;0000;;1;;
231112;0000;;1;;
231113;0000;;1;;
231114;0000;;1;;
231115;0000;;1;;
231116;0000;;1;;
231117;0000;;1;;
231118;0000;;1;;
231119;0000;;1;;
231120;0000;;1;;
231121;0000;;1;;
231122;0000;;1;;
231123;0000;;1;;
231124;0000;;1;;
231125;0000;;1;;
231126;0000;1;;;
231127;0000;1;;;
231128;0000;1;;;
231129;0000;1;;;
231130;0000;1;;;
231201;0000;1;;;
231202;0000;1;;;
231203;0000;1;;;
231204;0000;1;;;
231205;0000;1;;;
231206;0000;1;;;
231207;0000;1;;;
231208;0000;1;;;
231209;0000;1;;;
231210;0000;1;;;
231211;0000;1;;;
231212;0000;1;;;
231213;0000;1;;;
231214;0000;1;;;
231215;0000;1;;;
231216;0000;1;;;
231217;0000;1;;;
231218;0000;1;;;
231219;0000;1;;;
231220;0000;1;;;
231221;0000;1;;;
231222;0000;1;;;
231223;0000;1;;;
231224;0000;1;;;
231225;0000;1;;;
231226;0000;1;;;
231227;0000;1;;;
231228;0000;1;;;
231229;0000;1;;;
231230;0000;1;;;
231231;0000;1;;;
